component_id,categoria,descripcion,cantidad,unidad,proveedor,marca,modelo,precio_unitario_usd,precio_total_usd,tipo_precio,confianza,semaforo,priceguard_score,accion_requerida,stock,entrega_dias,vigencia,nota_decision
mccb_main,Fuerza,MCCB principal,1.0,u,ElectroIndustrial Guayaquil,Schneider,EasyPact CVS 60A 25kA,145.0,145.0,confirmado,alta,verde,88.0,Usar en cotización revisable; confirmar vigencia si la oferta supera 72 horas.,available,2,2026-08-31,"PriceGuard: VERDE (88.0%). Schneider EasyPact CVS 60A 25kA, ElectroIndustrial Guayaquil, Guayaquil."
overload_relay,Fuerza,Relé de sobrecarga,1.0,u,ElectroIndustrial Guayaquil,Schneider,LRD3357,66.0,66.0,confirmado,alta,verde,88.1,Usar en cotización revisable; confirmar vigencia si la oferta supera 72 horas.,available,2,2026-08-31,"PriceGuard: VERDE (88.1%). Schneider LRD3357, ElectroIndustrial Guayaquil, Guayaquil."
contactor_fwd,Fuerza,Contactor subir,1.0,u,ElectroIndustrial Guayaquil,Schneider,LC1D32G7,82.0,82.0,confirmado,alta,verde,91.4,Usar en cotización revisable; confirmar vigencia si la oferta supera 72 horas.,available,2,2026-08-31,"PriceGuard: VERDE (91.4%). Schneider LC1D32G7, ElectroIndustrial Guayaquil, Guayaquil."
contactor_rev,Fuerza,Contactor bajar,1.0,u,ElectroIndustrial Guayaquil,Schneider,LC1D32G7,82.0,82.0,confirmado,alta,verde,91.4,Usar en cotización revisable; confirmar vigencia si la oferta supera 72 horas.,available,2,2026-08-31,"PriceGuard: VERDE (91.4%). Schneider LC1D32G7, ElectroIndustrial Guayaquil, Guayaquil."
mechanical_interlock,Seguridad,Enclavamiento mecánico,1.0,u,ElectroIndustrial Guayaquil,Schneider,LAD9R1V,27.0,27.0,confirmado,alta,verde,88.2,Usar en cotización revisable; confirmar vigencia si la oferta supera 72 horas.,available,2,2026-08-31,"PriceGuard: VERDE (88.2%). Schneider LAD9R1V, ElectroIndustrial Guayaquil, Guayaquil."
phase_monitor,Seguridad,Relé monitor de fase,1.0,u,ElectroIndustrial Guayaquil,Schneider,RM22TR33,94.0,94.0,confirmado,alta,verde,86.3,Usar en cotización revisable; confirmar vigencia si la oferta supera 72 horas.,available,2,2026-08-31,"PriceGuard: VERDE (86.3%). Schneider RM22TR33, ElectroIndustrial Guayaquil, Guayaquil."
control_transformer,Control,Transformador de control,1.0,u,Suministros El Oro,Genérico industrial,TC-2KVA,125.0,125.0,confirmado,alta,verde,86.2,Usar en cotización revisable; confirmar vigencia si la oferta supera 72 horas.,available,1,2026-08-31,"PriceGuard: VERDE (86.2%). Genérico industrial TC-2KVA, Suministros El Oro, Machala."
cabinet,Tablero,Gabinete industrial,1.0,u,Suministros El Oro,Metálico Nacional,MN-604025,135.0,135.0,confirmado,alta,verde,84.9,Usar en cotización revisable; confirmar vigencia si la oferta supera 72 horas.,available,2,2026-08-31,"PriceGuard: VERDE (84.9%). Metálico Nacional MN-604025, Suministros El Oro, Machala."
estop,Seguridad,Paro de emergencia,1.0,u,ElectroIndustrial Guayaquil,Schneider,XB4BS542,24.0,24.0,confirmado,alta,verde,87.2,Usar en cotización revisable; confirmar vigencia si la oferta supera 72 horas.,available,2,2026-08-31,"PriceGuard: VERDE (87.2%). Schneider XB4BS542, ElectroIndustrial Guayaquil, Guayaquil."
pushbuttons,Control,Botonera de mando,1.0,u,ElectroIndustrial Guayaquil,Schneider,XB4 Kit,72.0,72.0,confirmado,alta,verde,86.5,Usar en cotización revisable; confirmar vigencia si la oferta supera 72 horas.,available,2,2026-08-31,"PriceGuard: VERDE (86.5%). Schneider XB4 Kit, ElectroIndustrial Guayaquil, Guayaquil."
limit_switches,Seguridad,Finales de carrera,2.0,u,ElectroIndustrial Guayaquil,Schneider,XCK-M,38.0,76.0,confirmado,alta,verde,86.8,Usar en cotización revisable; confirmar vigencia si la oferta supera 72 horas.,available,2,2026-08-31,"PriceGuard: VERDE (86.8%). Schneider XCK-M, ElectroIndustrial Guayaquil, Guayaquil."
brake_rectifier,Control,Control/rectificador de freno,1.0,u,Proveedor Premium Quito,Bonfiglioli,BRE120,142.0,142.0,referencial,media,verde,77.7,Usar en cotización revisable; confirmar vigencia si la oferta supera 72 horas.,available,5,2026-08-31,"PriceGuard: VERDE (77.7%). Bonfiglioli BRE120, Proveedor Premium Quito, Quito."
vfd,Fuerza,Variador de frecuencia,1.0,u,Cuenca Control Supply,ABB,ACS580-01-039A-4,1180.0,1180.0,referencial fuerte,media-alta,verde,80.7,Usar en cotización revisable; confirmar vigencia si la oferta supera 72 horas.,available,5,2026-08-31,"PriceGuard: VERDE (80.7%). ABB ACS580-01-039A-4, Cuenca Control Supply, Cuenca."
line_reactor,Fuerza,Reactor de línea,1.0,u,Suministros El Oro,Genérico industrial,LR-25HP-460,168.0,168.0,referencial,media,amarillo,75.0,Usar como referencia; enviar RFQ si el proyecto es sensible a precio o plazo.,available,4,2026-08-31,"PriceGuard: AMARILLO (75.0%). Genérico industrial LR-25HP-460, Suministros El Oro, Machala."
braking_resistor,Fuerza,Resistencia de frenado,1.0,u,Automatización Andina,Danfoss,BR-25HP,247.5,247.5,estimado corregido,baja,rojo,50.8,Precio fuera de confianza. Usar mediana temporal y enviar RFQ a varios proveedores.,quote_needed,6,2026-08-31,"PriceGuard: ROJO (50.8%). Danfoss BR-25HP, Automatización Andina, Quito. Alertas: stock no confirmado. Se aplicó autocorrección por banda de mercado."
label_package,Taller,Etiquetado premium,1.0,u,Suministros El Oro,Genérico,LABEL-KIT,32.0,32.0,confirmado,alta,verde,81.1,Usar en cotización revisable; confirmar vigencia si la oferta supera 72 horas.,available,1,2026-08-31,"PriceGuard: VERDE (81.1%). Genérico LABEL-KIT, Suministros El Oro, Machala."
terminal_blocks,Cableado,"Borneras, puentes y marcadores",1.0,u,Suministros El Oro,Genérico,TB-KIT-30,38.0,38.0,confirmado,alta,verde,86.5,Usar en cotización revisable; confirmar vigencia si la oferta supera 72 horas.,available,1,2026-08-31,"PriceGuard: VERDE (86.5%). Genérico TB-KIT-30, Suministros El Oro, Machala."
wiring_pack,Cableado,Consumibles de cableado de tablero,1.0,u,Suministros El Oro,Genérico,WP-LOCAL,98.0,98.0,confirmado,alta,verde,85.8,Usar en cotización revisable; confirmar vigencia si la oferta supera 72 horas.,available,1,2026-08-31,"PriceGuard: VERDE (85.8%). Genérico WP-LOCAL, Suministros El Oro, Machala."
power_cable,Cableado,Conductor de fuerza,53.1,m,Suministros El Oro,Electrocables,THHN-8AWG-CU,2.45,130.09,confirmado,alta,verde,88.7,Usar en cotización revisable; confirmar vigencia si la oferta supera 72 horas.,available,1,2026-08-31,"PriceGuard: VERDE (88.7%). Electrocables THHN-8AWG-CU, Suministros El Oro, Machala."
